Month,Credit
2011 Feb,1.84893
2011 Mar,1.874791
2011 Apr,1.874487
2011 May,1.875858
2011 Jun,1.862915
2011 Jul,1.86141
2011 Aug,1.853737
2011 Sep,1.841757
2011 Oct,1.840952
2011 Nov,1.843293
2011 Dec,1.856708
2012 Jan,1.801362
